{"queries": [1754210746.169544], "last_reset": 1754141929.457374}